a	ateíma
aape	aape
aasuí	aasuí
abraão	abraão
abumirĩ	abú
abú	abú
adana	adana
adana-ima	adana
adéu	adéu
adí	adí
aganaganari	ganari
agripa	agripa
ah	ah
aikuré	aikwé
aikwewara	aikwé
aikwé	aikwé
aikú	ikú
aintá	aintá
aité	aité
aiwana	aiwana
aiwã	aiwã
akanga	akanga
akangaiwasawa	akangaiwasawa
akangaíma	akangaíma
akanhemu	akanhemu
akará	akará
akayaká	akayaká
akayú	akayú
akayú-itá	akayú
akaá-kaá	kaá
akaíma	kaíma
akiri	kiri
akití	akití
akontinuari	kontinuari
akunheseri	kunheseri
akuntari	kuntari
akutipurú	akutipurú
akutí	akutí
akwera	akwera
akwá	kwá
akwáu	kwáu
akã	akã
alejadu	alejadu
aline	aline
aluno	aluno
amana	amana
amanawasú	amana
amanduariwara	manduári
amanduári	manduári
amaniú	amaniú
amanú	manú
amaramunha	maramunha
amaã	maã
amaú	maú
ambautiwa	mbaú
ambaú	mbaú
ambeú	mbeú
ambira	ambira
amburi	mburi
ambué	mbué
ambuí	mbuí
ambá	mbá
amemũi	memũi
ameẽ	meẽ
amixiri	mixiri
ampinima	mpinima
amu	amú
amuisika	muisika
amukameẽ	mukameẽ
amukanhemu	mukanhemu
amukití	amukití
amukuna	mukuna
amukwesé	amukwesé
amumaã	mumaã
amumbawa	mumbawa
amundú	mundú
amunhã	munhã
amunuka	munuka
amupewa	mupewa
amupuka	mupuka
amupuãmu	mupuãmu
amuramé	amuramé
amurari	murari
amurupí	amurupí
amurí	murí
amusangawa	musangawa
amusasá	musasá
amutiĩ	mutiĩ
amuyeréu	muyeréu
amuí	muí
amú	amú
amú-etá	amú
amú-itá	amú
amú-tetamawara	amú-tetamawara
amú-wirandé	amú-wirandé
ana	ana
anama	anama
anama-itá	anama
ananá	ananá
andirá	andirá
anga	anga
angaiwara	angaiwara
anheẽ	nheẽ
anhuantẽ	anhuantẽ
anhunté	anhunté
anhuntẽ	anhuntẽ
anhuíra	anhuíra
anhũ	anhũ
anirá	anirá
anju	anju
antiantí	antiantí
antônio	antônio
apaka	paka
apara	apara
ape	ape
apekatuwara-itá	apekatuwara
apekatú	apekatú
apekú	apekú
apewara-itá	apewara
apiaká	apiaká
apigawa	apigawa
apigawa-etá	apigawa
apigawa-itá	apigawa
apigá	apigá
apikawa	apikawa
apiká	apiká
apinaitika	pinaitika
apira	apira
apirari	pirari
apiripana	piripana
apirú	pirú
apisaíma	apisá
apisika	pisika
apisá	apisá
apisá-kwara	apisá-kwara
apitasuka	pitasuka
apitimú	pitimú
apituú	pituú
apitá	pitá
apixaĩ	apixaĩ
apuderi	puderi
apukuitawa	apukuitawa
apurakí	purakí
apurandú	purandú
apurará	purará
apuri	puri
apurungitá	purungitá
apusanú	pusanú
aputari	putari
apuã	apuã
apuú	puú
apú	apú
ara	ara
ara-etá	ara
ara-ima	ara
ara-itá	ara
arama	arama
aramasã	aramasã
aramé	aramé
arapasu	arapasu
arara	arara
arara-itá	arara
arara-maniiwa	arara-maniiwa
arareneíma	araneíma
ararupí	ararupí
arasí	arasí
arasú	rasú
arawara	ara
arawara-itá	arawara
arawira	arawira
araã	araã
aresé	aresé
aria	aria
arikú	rikú
arirambá	arirambá
ariré	ariré
arirí	arirí
arukanga	arukanga
arupí	arupí
aruri	ruri
arusika	rusika
arã	arã
aría	aría
arú	arú
arú-itá	arú
asarú	sarú
asasá	sasá
asaã	saã
asemu	semu
asendú	sendú
asenúi	senúi
asetuna	setuna
asika	sika
asikari	sikari
asikwera	asikwera
asosiasao	asosiasao
asuiwara	asuí
asukirí	asukirí
asusuka	susuka
asuwara	sú
asuí	asuí
así	sasí
asú	sú
ateíma-etá	ateíma
atiima	atiima
atiimamanha	atiimamanha
atiimasawa	atiimasawa
atiiwa	atiiwa
atimamanha	atimamanha
atirika	tirika
atuká	tuká
atuká-tuká	tuká
até	até
augusto	augusto
aula	aula
ave	ave
awa	awa
awa-etá	awa
awa-itá	awa
awasemu	wasemu
awatií	awatií
awatá	watá
awatí	awatí
awawasú	awa
awewé	wewé
awiké	wiké
awitá	witá
awá	awá
axari	xari
axií	axií
ayana	yana
ayapumi	yapumi
ayapí	yapí
ayawáu	yawáu
ayuka	yuka
ayuká	yuká
ayumbué	yumbué
ayumimi	yumimi
ayumuyakwaíma	yumuyakwaíma
ayumú	yumú
ayupika	yupika
ayupukwá	yupukwá
ayupuí	yupuí
ayura	ayura
ayuri	yuri
ayururé	yururé
ayururéu	yururéu
ayusé	yusé
ayutima	yutima
ayuuka	yuuka
ayuyuantí	yuyuantí
ayuéte	ayuéte
ayuíri	yuíri
aziawara-itá	aziawara
aé	aé
aí	aí
aíwa	aíwa
aíwa-aíwa	aíwa
aú	ú
aúna	aúna
ba	ba
balaio	balaio
balata	balata
baniwa	baniwa
baraka	baraka
barcelos	barcelos
barra	barra
barraca	barraca
baré	baré
baré-itá	baré
bensãu	bensãu
betisaida	betisaida
bitiro	bitiro
bitiru	bitiru
buburi	buburi
bukúkuri	bukúkuri
buopé	buopé
buxu	buxu
buxu-itá	buxu
buya	buya
buyawasú	buya
bênção	bênção
bũa	bũa
cachoeira	cachoeira
carminha	carminha
caru-cupy	caru-cupy
christu	christu
chá	chá
cidade	cidade
colher	colher
comadre	comadre
compadre	compadre
conselho	conselho
cristo	cristo
cultura	cultura
da	da
dabukuriwara	dabukuriwara
dabukurí	dabukurí
demuniu	demuniu
desana	desana
deus	deus
dinheru	dinheru
duiruna	duiruna
duí	duí
ekirirí	kirirí
ekũi	sú
emaẽ	maẽ
embiára	embiára
ememúi	memúi
emeẽ	meẽ
emuakú	muakú
emuapiri	muapiri
emuapú	muapú
emukameẽ	mukameẽ
emukaturú	mukaturú
emukitanga	mukitanga
emumuri	mumuri
emuméu	emuméu
emunéu	munéu
emunú	munú
emuwéu	muwéu
emuxama	muxama
emuyawáu	muyawáu
emuí	muí
emú	emú
enheẽ	nheẽ
eparawaka	parawaka
epirari	pirari
episika	pisika
epurakari	purakari
epurungitá	purungitá
epurú	purú
erasú	rasú
eruri	ruri
eré	eré
esemu	semu
esenúi	senúi
esikiná	sikiná
esikí	sikí
espada	espada
espiritu	espiritu
estilada	estilada
estudo	estudo
esupiri	supiri
eté	eté
ewapika	wapika
eyasuí	yasuí
eyuri	yuri
eyuuka	yuuka
eyuíri	yuíri
eú	ú
eẽ	eẽ
família-itá	família
fardamirĩ	farda
fava	fava
feiticeiro	feiticeiro
felicidade	felicidade
figera	figera
fiií	fiií
foirn	foirn
fulano	fulano
féria	féria
gabriel	gabriel
ganani	ganani
gananisawa	gananisawa
gantĩ	gantĩ
gapenú	gapenú
garapa	garapa
garapawa	garapawa
garapá	garapá
garapé	garapé
geral	geral
gigante	gigante
graça	graça
guiliru	guiliru
hakiri	kiri
hamanduarisawa	manduári
hamaã	maã
hambeú	mbeú
hamunhã	munhã
hapuderi	puderi
hapurakari	purakari
hapurakí	purakí
haputari	putari
harasú	rasú
harikuté	rikuté
haruyari	ruyari
hasawaka	sawaka
hasú	sú
haxari	xari
hayumukwaíra	mukwaíra
hinere-itá	hinere-itá
história	história
homem	homem
hum	hum
humbú	mburi
humpiririka	umpiririka
hã	hã
hê	hê
i	i
iahuixa	iahuixa
iapinari	iapinari
iauhixa	iauhixa
igantiwa	igantiwa
igantí	igantí
igantĩ	igantĩ
igapira	igapira
igapú	igapú
igara	igara
igara-xama	igara-xama
igarapawa	igarapawa
igarapura	igarapura
igarapé	igarapé
igarupawa	igarupawa
igarupá	igarupá
igasawa	igasawa
igreja	igreja
ikewara	ikewara
ikewara-itá	ikewara
ikiyú	ikiyú
ikuntu	ikuntu
ikupukú	ikupukú
iké	iké
ikú	ikú
ikũi	sú
imaasí	yumasí
imbiú	mbeú
imirawasú	imirá
imirikú	imirikú
imirá	imirá
imú	imú
inambú	inambú
inayawasú	inayá
inayá	inayá
inayé	inayé
indawé	indawé
indé	indé
indéu	indéu
inimbú	inimbú
inimú	inimú
inkarnasãu	inkarnasãu
inte	nhunte
interior	interior
intá	aintá
inté	intí
intí	intí
intíu	intíu
iné	iné
inéu	inéu
iní	iwí
ipawa	ipawa
ipawawasú	ipawa
ipeka	ipeka
ipiama	piama
ipisarinõ	ipisarinõ
ipukukapukuka	pukuka
ipí	ipí
ipú	ipú
ira	ira
iraití	iraití
iramé	wirané
irasú	rasú
iruisanga	iruisanga
iruma	irumu
irumu	irumu
irumuára	irumuára
irumuára-etá	irumuára
irumuára-itá	irumuára
irundí	irundí
iruri	ruri
irusanga	irusanga
irusangawasú	irusanga
irusã	irusã
irũ	irũ
isana	isana
isika	isika
isima	isima
isí	isí
isú	sú
itakamutí	itakamutí
itakwara	itakwara
itamaraká	itamaraká
itapewa	itapewa
itapewawasú	itapewa
itatiwa	itá
itawasú	itá
itaíwa	itaíwa
itá	itá
itá-itá	itá
ité	ité
iwa	iwa
iwa-itá	iwa
iwaka	iwaka
iwakawa-iwa	iwakawa-iwa
iwapika	wapika
iwasuwara	iwasuwara
iwasuíma	iwasuíma
iwasú	iwasú
iwaté	iwaté
iwatí	iwaté
iwawasú	iwa
iwaíka	iwaíka
iwikuí	iwikuí
iwikwara	iwikwara
iwitera	iwitera
iwité	iwité
iwitú	iwitú
iwiwasú	iwí
iwá	iwá
iwá-itá	iwá
iwí	iwí
ixé	ixé
ixéu	ixéu
iyuri	yuri
iyá	iyá
izi	izi
ií	ií
ií-itá	ií
jesu	jesu
jesus	jesus
joakin	joakin
joaquim	joaquim
jope	jope
josé	josé
joáun	joáun
joão	joão
judeu-itá	judeu-itá
juyũ	juyũ
juão	juão
jí	jí
kaaeté	kaaeté
kaamunú	kaamunú
kaapiwa	kampina
kaapura	kaapura
kaawara	kaawara
kaawasú	kaá
kadawa	kadawa
kafé	kafé
kaisara	kaisara
kamarara	kamarara
kamarara-itá	kamarara
kambí	kambí
kamixá	kamixá
kamixá-itá	kamixá
kamunú	kamunú
kamutí	kamutí
kana	kana
kandéa	kandéa
kangatara-itá	kangatara
kapiĩ	kapiĩ
kapuãmu	kapuãmu
kapí	yakapika
kapína	kampina
kapĩtiwa	kapĩ
karapanã	karapanã
karawatana	karawatana
karayurú	karayurú
karekó	rikú
kari	kari
kariwa	kariwa
kariwa-itá	kariwa
karu	karu
karuka	karuka
karurú	karurú
karusu-itá	karusu
karuára	karuára
karã	karã
karãu	karãu
kaseti	kaseti
kataka	kataka
katú	katú
kavernawasú	kaverna
kawa	kawa
kawa-itá	kawa
kawará	kawará
kawarú	kawarú
kawasá	kawasá
kawasú	kawasú
kawĩ	kawĩ
kaxirí	kaxirí
kaxiwer	kaxiwera
kaxiwera	kaxiwera
kaxuwera	kaxuwera
kaziwera	kaxiwera
kaá	kaá
kaí	kaí
kera	kera
kiasawa	kiasawa
kiasá	kiasá
kiaíma	kiá
kiinha	kiinha
kiinha-ima	kiinha
kinhapira	kinhapira
kioé	kisé
kiriaíwa	kiriaíwa
kirimawa	kirimawa
kirimawasawa	kirimawasawa
kirimawausú	kirimawa
kirimbasawa	kirimbasawa
kirimbawa	kirimbawa
kirimbawasawa	kirimbawasawa
kirimbá	kirimbá
kirimbáu	kirimbáu
kiririwasú	kirirí
kirirí	kirirí
kirisawa	kirisawa
kirá	kirá
kisawa	kisawa
kisé	kisé
kití	kití
kiwawa	kiwawa
kiwira	kiwira
kiá	kiá
kristu	kristu
ku	ku
kuemeté	kuemeté
kuidarú	kuidarú
kuité	kuité
kukuhi	kukuhi
kukura	kukura
kukuí	kukuí
kukwera	kukwera
kumpa	kumpa
kumutí	kamutí
kumã	kumã
kunawarú	kunawarú
kunawarú-etá	kunawarú
kunawarú-itá	kunawarú
kunhada	kunhada
kunhaitãi	kunhatãi
kunhambira	kunhambira
kunhamirĩ	kunhã
kunhamukú	kunhamukú
kunhamukú-etá	kunhamukú
kunhamukú-itá	kunhamukú
kunhataĩ	kunhataĩ
kunhã	kunhã
kunhã-etá	kunhã
kunhã-itá	kunhã
kunhãbukú	kunhamukú
kunhãwara	kunhãwara
kupirisawa	kupirisawa
kupixawa	kupixawa
kupixawa-itá	kupixawa
kupixá	kupixá
kupií	kupií
kupukú	kupukú
kupé	kupé
kupĩ	kupĩ
kurabí	kurabí
kurabí-itá	kurabí
kurasí	kurasí
kurasí-ara	kurasí-ara
kurderu	kurderu
kurimirĩ	kurimirĩ
kuritẽi	kuritẽi
kuruatá	kuruatá
kurukuí	kurukuí
kuruká	kuruká
kurumirĩ	kuru
kurumiwasú	kurumiwasú
kurumiwasú-itá	kurumiwasú
kurumu	kurumú
kurumú	kurumú
kurumĩ	kurumĩ
kurumĩ-itá	kurumĩ
kurumĩwasú	kurumĩwasú
kurunú	kurumĩ
kurupatiwara-itá	kurupatiwara
kurupira	kurupira
kurupira-itá	kurupira
kururú	kururú
kurusamirĩ-etá	kurusá
kurusá	kurusá
kurutẽi	kurutẽi
kurutẽiwara	kurutẽiwara
kurí	kurí
kurũ	kurũ
kuse-itá	kuse-itá
kusukúi	kusukúi
kutakutara	kutakutara
kutara	kutara
kutuka	kutuka
kuté	kuté
kuxiima	kuxiima
kuxiimawara	kuxiimawara
kuxima	kuxima
kuximawara	kuximawara
kuxiíma	kuxiíma
kuya	kuya
kuyambuka	kuyambuka
kuyera	kuyera
kuyubí	kuyubí
kuí	kuí
kuíri	kuíri
kuẽma	kuẽma
kuẽma-piranga	kuẽma-piranga
kwara	kwara
kwarasí	kwarasí
kwaru	kwaru
kwatukasawa	kwatukasawa
kwatí	kwatí
kwayawé	kwayawé
kwayentu	kwayentu
kwayewara	kwayé
kwayé	kwayé
kwaá	kwaá
kwaíra	kwaíra
kwekatú	kwekatú
kwema	kwema
kwemaité	kwemaité
kwera	kwera
kweré	kweré
kwesé	kwesé
kwá	kwá
kwá-itá	kwá
kwáu	kwáu
kãwera	kãwera
kãwera-itá	kãwera
ké	ké
kérupi	kérupi
kí	kí
kũi	sú
lamik	lamik
lamparina	lamparina
lanterna	lanterna
língua	língua
ma	ma
maarí	maasí
maasisawa	maasisawa
maasí	maasí
mairamé	mairamé
mairí	mairí
maita	maita
makaka	makaka
makakaí	makaka
makaku	makaku
makará	makará
makira	makira
makití	makití
maku	maku
makú-itá	makú
maluka	maluka
mamayakú	mamayakú
mamentu	mamentu
mamá	mamá
mamãe	mamãe
mamé	mamé
manduarisá	manduarisá
manduári	manduári
mangarataya	mangarataya
manguarí	manguarí
manha	manha
maniiwa	maniiwa
maniwa	maniwa
maniwara	maniwara
maniáka	maniáka
mantega	mantega
manungara	manungara
manusawa	manusawa
manáu	manáu
manú	manú
maraari	maraari
marakaimbara	marakaimbara
marakatĩ	marakatĩ
maraká	maraká
marama	marama
maramunhangara-etá	maramunhangara
maramunhã	maramunhã
maramé	mairamé
marandua	marandua
marandúa	marandúa
mareka	mareka
maria	maria
marika	marika
marikawasú	marika
maritá	maã
marupiára	marupiára
marupí	marupí
marã	marã
masarikadu	masarikadu
masariku-iwa	masariku-iwa
masekúi	kusekúi
masiwera	masiwera
masuka	masuka
masuí	masuí
masí	masí
matapí	matapí
matirí	matirí
mauhiti-kuri	mauhiti-kuri
mawaku	mawaku
mawarí	mawarí
mawaá	mawaá
mawé	mawé
maxí	maxí
mayawé	mayawé
mayesawa	mayesawa
mayuwa	mayuwa
mayé	mayé
maã	maã
maã-itá	maã
maã-puxiwera	maã-puxiwera
maãkití	makití
maãresé	maãresé
maí	maí
maíwa	maíwa
maíwa-itá	maíwa
maĩ	maĩ
mbira	mbira
mbira-itá	mbira
me	upé
membeka	membeka
membira	membira
membira-itá	membira
membí	membí
membí-etá	membí
memí	memí
mena	mena
mena-etá	mena
mena-itá	mena
menasara	menasara
mendarisawa	mendarisawa
mendasara	mendasara
mené	mewé
merupiára	merupiára
merupí	merupí
mewé	mewé
meyú	meyú
meza	meza
meẽ	meẽ
meẽsara	meẽsara
mi	mi
miapé	miapé
miarerú	temiarerú
miasuasawa	miasuasawa
miasúa	miasúa
miguel	miguel
mikití	mikití
mikura	mikura
mimbira	mimbira
mimbira-itá	mimbira
mimi	mimi
mimiwara	mimiwara
mira	mira
mira-etá	mira
mira-itá	mira
mirapara	mirapara
mirasawa	mirasawa
mirawasutiwa	mirawasú
mirawasú	mirá
miraí	miraí
mirikú	simirikú
mirití	mirití
mirá	mirá
mirá-etá	mirá
mirá-itawasú	mirá
mirá-itá	mirá
mirá-piranga	mirá-piranga
mirá-pirangawasú	mirá-piranga
miráwasú	mirá
mirĩ	mirĩ
mirĩ-itá	mirĩ
misa	misa
missão	missão
misteriu	misteriu
mitima	mitima
mituuwasú	mituú
mituú	mituú
mitá	mitá
mitú	mitú
mixiri	mixiri
miára	semiára
muakara	muakara
muapisí	muapisí
muapusara	muapusara
muapusawa	muapusawa
muirakitã	muirakitã
muirasanga	muirasanga
muiriira	muiriira
muirá	muirá
muizé	muizé
mujekawasú	mujeka
mukawa	mukawa
mukaú	mukaú
mukaẽ	mukaẽ
mukuna	mukuna
mukura	mikura
mukweré	mukweré
mukũi	mukũi
mukũi-itá	mukũi-itá
mukũisawa	mukũisawa
mumi	mimi
munawasú	munawasú
mundawasú	mundawasú
mundu	mundu
mundurukú	mundurukú
mundurukú-itá	mundurukú
mundusawa	mundusawa
mundusawa-itá	mundusawa
mundá	mundá
mundé	mundé
mundú	mundú
mungitasawa	mungitasawa
munhangara	munhangara
munhã	munhã
munhãsawa	munhãsawa
munuka	munuka
munú	munú
muraikí	muraikí
murakisara	murakisara
murakí	murakí
murasí	murasí
murukututú	murukututú
murumurú	murumurú
murutinga	murutinga
musapiri	musapiri
mutaraíma	mutaraíma
muxiwa	muxiwa
muyepé	yepé
muyuí	muyuí
muíri	muíri
médico	médico
mú	mú
mú-itá	mú
mũ	mũ
n	ne
namipura	namipura
namí	namí
naranha	naranha
navio	navio
ne	ne
nema	nema
nemasá	nemasá
nharú	nharú
nhaã	nhaã
nhaã-itá	nhaã
nhaãsé	nhaãsé
nheenga	nheenga
nheenga-itá	nheenga
nheengari	nheengari
nheengarisawa	nheengarisawa
nheengatú	nheengatú
nheengawasú	nheenga
nhunte	nhunte
nhuntu	nhuntu
nhãpirikuli	nhãpirikuli
nhũ	nhũ
noiva	noiva
noivo	noivo
nove	nove
nti	nti
ntu	ntu
nuká	nuká
nunca	nunca
nungara	nungara
nupá	nupá
nẽ	nẽ
oh	oh
oho	oho
oito	oitu
oitu	oitu
p	pá
paiu	paĩ
paka	paka
pakará	pakará
pakúa	pakúa
pakúa-itá	pakúa
pamarí-itá	pamarí
pana	pana
panakarika	panakarika
panakú	panakú
panemawasú	panema
panera	panera
panhẽ	panhẽ
panu	panu
panuwasú	panu
papera	papera
papá	papá
paraman	paraman
paramã	paramã
paranawasú	paranawasú
paraná	paraná
paranã	paranã
paranãwasú	paranãwasú
paratú	paratú
parawá	parawá
pariká	pariká
pasú	sú
patawá	patawá
patrão	patrão
patrãu	patrãu
patuá	patuá
paulo	paulo
paulu	paulu
pausawa	pausawa
pausá	pausá
pawa	pawa
pawasá	pawasá
pawé	pawé
paya	paya
paya-etá	paya
paya-itá	paya
payangawa	payangawa
payaíma	paya
payé	payé
payé-itá	payé
paá	paá
paí	paí
pe	upé
pedasu-itá	pedasu
pedaço	pedaço
pedero	pedero
pedro	pedro
peikú	ikú
pejemeri	jemeri
pekadori	pekadori
pekadu	pekadu
pekanhemu	kanhemu
pekuntari	kuntari
pekwasawa	kwá
pekwawa	kwawa
pekũi	sú
pem	pem
pemanduarisawa	manduári
pemanduári	manduári
pemaramunhã	maramunhã
pemaã	maã
pemaú	maú
pembaú	mbaú
pembeú	mbeú
pemburi	mburi
pemendari	mendari
pemixiri	mixiri
pempisasúa	mpisasú
pemprezu	mprezu
pemuatiri	muatiri
pemuirawa	muirawa
pemukanhemu	mukanhemu
pemukirimbawa	mukirimbawa
pemumbawa	mumbawa
pemungí	mungí
pemunhã	munhã
pemusaka	musaka
pemusantá	musantá
pemusatambika	musatambika
pemuturusú	muturusú
pemuyukwawa	muyukwawa
penasawa	penasawa
penheengari	nheengari
penhẽ	penhẽ
pepirari	pirari
pepisika	pisika
pepituú	pituú
pepitá	pitá
pepuderi	puderi
pepurakari	purakari
pepurakí	purakí
pepurandú	purandú
pepuri	puri
pepurungitá	purungitá
pepú	pepú
perasú	rasú
perewa	perewa
perikú	rikú
peruári	ruári
pesarú	sarú
pesendú	sendú
pesikari	sikari
pesikí	sikí
pessoa	pessoa
pesuantí	suantí
pesú	sú
petewawa	petewawa
petirika	tirika
petuna	petuna
peumbeú	umbeú
pewa	pewa
pewapika	wapika
pewasemu	wasemu
pewasú	pe
pewatá	watá
pexari	xari
peyapukúi	yapukúi
peyawáu	yawáu
peyaxiú	yaxiú
peyeréu	yeréu
peyuka	yuka
peyuká	yuká
peyumasí	yumasí
peyumunhã	yumunhã
peyumusasiara	yumusasiara
peyumú	yumú
peyupika	yupika
peyupúi	yupúi
peyuri	yuri
peyutika	yutika
peyuuka	yuuka
peyuíri	yuíri
peyú	peyú
peé	peé
peú	ú
piaiwasawa	piaiwasawa
piama	piama
piamu	piamu
piasawa	piasawa
piauí	piauí
piawasú	piá
piaíwa	piaíwa
piisawa	piisawa
pikasú	pikasú
pilutu	pilutu
pinaitikasara	pinaitikasara
pinawa	pinawa
pinaxama	pinaxama
pindá	pindá
pindá-itá	pindá
pinima	pinima
pinimasawa	pinimasawa
piná	piná
pipura	pipura
pipé	pupé
pira	pira
pira-itá	pira
pirakasara	pirakasara
piranga	piranga
piranha	piranha
pirantasawa	pirantasawa
pirantá	pirantá
pirarukú	pirarukú
pirasemu	pirasemu
pirasuasawa	pirasuasawa
pirasuasá	pirasuasá
pirasúa	pirasúa
pirayawara	pirayawara
pirayawara-itá	pirayawara
piraíwa	piraíwa
pirera	pirera
piri	piri
piripanasawa	piripanasawa
piripiri	piripiri
piripiriáka	piripiriáka
pirá	pirá
pirá-etá	pirá
pirá-itá	pirá
pirá-mirĩ	pirá-mirĩ
pisasú	pisasú
pisayé	pisayé
pisika	pisika
pisirusara	pisirusara
pisirú	pisirú
pista	pista
pisá	pisá
pisãwera	pisãwera
pitangé	pitangé
pitera	pitera
piterarupí	piterarupí
pitima	pitima
pitimú	pitimú
pitiápo	pitiápo
pituna	pituna
pituna-pisayé	pituna-pisayé
pituna-pukú	pituna-pukú
pitunawasú	pituna
pitupituna	pitupituna
pitúa	pitúa
pixana	pixana
pixaĩ	pixaĩ
pixeasú	pixé
pixuna	pixuna
pixuna-pixuna	pixuna
pixunasawa	pixunasawa
pixé	pixé
piá	piá
pié	piá
ponta	ponta
porominare	porominare
poronominare	poronominare
porque	porque
português	português
poréi	puséi
praia	praia
praina	praina
prato	prato
presizu	presizu
primeru	primeru
pronto	pronto
pu	pu
puampewasú	puampé
puampé	puampé
puapuãmu	puapuãmu
puasú	puasú
puitá	puitá
puité	puité
pukudana	pukudana
pukusawa	pukusawa
pukusá	pukusá
pukú	pukú
pumanasara	pumanasara
pupunha	pupunha
pupé	pupé
pura	pura
pura-itá	pura
purakisawa	purakisawa
purakí	purakí
puranga	puranga
puranga-itá	puranga
purangamirĩ	puranga
purangasawa	purangasawa
purangawa-itá	purangawa
purapuranga	puranga
puriaisúa	puriasúa
puru	puru
puruka	puruka
pururuka	pururuka
pururé	pururé
puruã	puruã
puráe	puráe
purã	purã
pusanga	pusanga
pusesawa	pusesawa
puseíma	puseíma
pusu	pusu
pusé	pusé
puséi	puséi
putari	putari
putawa	putawa
putira	putira
putiá	putiá
puxa	puxa
puxiwera	puxiwera
puxiwerasawa	puxiwerasawa
puxuwera	puxuwera
puxuwerasawa	puxuwerasawa
puxí	puxí
pyaí	piaíwa
pá	pá
páu	páu
pãu	pãu
pé	pé
pí	pí
pí-itá	pí
pô	pô
pú	pú
pú-mukũi	pú-mukũi
pú-yepé	pú-yepé
ra	ra
raintí	saintí
rairú	rairú
raisú	raisú
raixú	taixú
rakakwera	rakakwera
rakakwerawara	sakakwerawara
rakakwerawara-itá	sakakwerawara
rakanga	sakanga
rakapira	sakapira
rakusawa	sakusawa
rakwera	rakwera
rakú	rakú
rama	rama
rametiwa	ramé
ramunha	tamunha
ramunha-etá	tamunha
ramunha-itá	tamunha
ramé	ramé
rana	rana
rangawa	sangawa
rangá	sangá
ranha	sanha
ranhẽ	ranhẽ
rapewasú	rapé
rapixara	apixara
rapiá	tapiá
rapupema	sapupema
rapé	pé
rapé-itá	pé
rapí	rapí
rapú	sapú
rarikú	rikú
rasusara	rasusara
rasú	rasú
ratiwa	tatiwa
ratá	tatá
rawa	sawa
rayera	tayera
rayera-itá	tayera
raínha	taínha
raíra	taíra
raíra-itá	taíra
raĩ	raĩ
raẽ	raẽ
reajudari	ajudari
real	real
reapisaka	apisaka
reapú	teapú
reganani	ganani
reganhari	ganhari
regustari	gustari
reikupukú	ikupukú
reikú	ikú
rekiri	kiri
rekuntari	kuntari
rekuya	ekuya
rekuyara	sekuyara
rekwawa	kwawa
rekwawasawa	kwawa
rekwá	kwá
rekwáu	kwáu
rekũi	sú
remaité	maité
remanduarisawa	manduári
remanduári	manduári
remanú	manú
remaraúna	remaraúna
remawa	semawa
remaã	maã
remaú	maú
remaẽ	maẽ
rembaú	mbaú
rembeú	mbeú
rembiwa	tembiwa
rembií	tembiwa
rembiú	tembiú
remburi	mburi
rememí	sememí
rememúi	memúi
remenari	menari
remeẽ	meẽ
remiarawasú	semiára
remiarerú	temiarerú
remiarerú-etá	temiarerú
remimunha	remimunha
remirera	xemirera
remiré	simirikú
remitara	semitara
remixira	semixira
remixiri	mixiri
remiára	semiára
remiú	temiú
remuatiri	muatiri
remukameẽ	mukameẽ
remukanhemu	mukanhemu
remukaturu	mukaturu
remukaturú	mukaturú
remumbawa	mumbawa
remumbeú	mumbeú
remumeú	mumeú
remundeka	mundeka
remundá	mundá
remundéu	mundéu
remundú	mundú
remungiri	mungiri
remunhã	munhã
remunuka	munuka
remunuã	munuã
remuná	muná
remupuka	mupuka
remurari	murari
remusakú	musakú
remusema	musema
remusemu	musemu
remusãi	musãi
remutatatinga	mutatatinga
remuyasuka	muyasuka
remuyeréu	muyeréu
remuyukwakú	muyukwakú
remuyé	muyé
renawa	tenawa
rendawa	tendawa
rendira	tendira
renheengari	nheengari
renheẽ	nheẽ
renira	tenira
renundewara	senundewara
renundé	renundé
renungaturú	nungaturú
renuné	renuné
renupá	nupá
renúi	renúi
repi	pisika
repiiri	piiri
repinaitika	pinaitika
repirari	pirari
repiripana	piripana
repirú	pirú
repisika	pisika
repisirú	pisirú
repitasuka	pitasuka
repituú	pituú
repitá	pitá
repuderi	puderi
repuká	puká
repurakí	purakí
repurandú	purandú
repurasái	purasái
repurungitá	purungitá
repurú	purú
repusanú	pusanú
repusú	pusú
reputari	putari
repuãmu	puãmu
rera	sera
rerasú	rasú
rerikuté	rikuté
rerikú	rikú
reruri	ruri
reruyari	ruyari
resaisú	saisú
resanhana	sanhana
resarái	resarái
resarú	sarú
resasawa	sasawa
resasema	sasema
resasá	sasá
resasáu	sasáu
resaã	saã
resegurari	segurari
resemu	semu
resendú	sendú
resenúi	senúi
resewara	resewara
resika	sika
resikari	sikari
resikindawa	sikindawa
resikié	sikié
resikí	sikí
resuantí	suantí
resuaxara	suaxara
resá	sesá
resé	resé
resú	sú
retama	tetama
retana	retana
retimiári	timiári
retimã	setimã
retirika	tirika
retumunheẽ	tumunheẽ
retã	retã
reté	reté
reumbeú	umbeú
reumpuka	umpuka
revenderi	venderi
rewapika	wapika
rewari	wari
rewasemu	wasemu
rewatá	watá
rewewé	wewé
rewiké	wiké
rewitá	witá
rewiyé	wiyé
rexari	xari
rexipiaka	xipiaka
rexipiaki	xipiaki
reyapukúi	yapukúi
reyapumi	yapumi
reyapí	yapí
reyawáu	yawáu
reyenú	yenú
reyenũ	yenũ
reyuakí	yuakí
reyuka	yuka
reyukwakú	yukwakú
reyuká	yuká
reyumasí	yumasí
reyumimi	yumimi
reyumumeú	yumumeú
reyumupuranga	mupuranga
reyumú	yumú
reyupiri	yupiri
reyupúi	yupúi
reyuri	yuri
reyururé	yururé
reyusikí	yusikí
reyusé	yusé
reyutima	yutima
reyuuka	yuuka
reyuyuká	yuká
reyuyumimi	yumimi
reyuyutima	yutima
reú	ú
riiya	siiya
rikusawa-itá	sikusawa
rikuyara	rikuyara
rikwara	tikwara
rikwé	rikwé
rikú	rikú
rimawa	simawa
rimaã	rimaã
rimaé	rimaé
rimbawa	simbawa
rimbiwa	timbiwa
rimbiú	timbiú
rimiarirú	timiarirú
rimiarirú-itá	timiarirú
rimirera	ximirera
rimirikú	simirikú
rimirikú-itá	simirikú
rimiára	simiára
rimiú	timiú
rimutara	simutara
rinimbú	sinimbú
rinimú	sinimú
rinipiã	tinipiã
ripiaka	xipiaka
riputiwasú	riputí
ripí	tipí
riré	riré
rirí	rirí
rirú	sirú
ritimã	titimã
riya	siya
riáya	tiáya
riãwera	tiãwera
ruakí	ruakí
ruaxara	suaxara
ruaya	suaya
ruayana	suayana
ruayana-itá	suayana
ruayara	tuayara
ruba	tuba
ruixawa	tuixawa
ruka	uka
rukapí	ukapí
rukara	ukara
rukawara	uka
rukena	ukena
rukwera	sukwera
rumasá	tumasá
rumitera	sumitera
rumu	irumu
rumuara	sumuara
rumuara-itá	sumuara
rumuára	sumuára
rundewara-itá	sundewara
rundé	rundé
rupa	rupa
rupirunawa	yupirungawa
rupitá	supitá
rupiá	supiá
rupiára	supiára
rupí	rupí
rurí	rurí
rurú	rurú
rusã	rusã
ruwí	tuwí
ruá	suá
ruái	suái
ruã	suã
ruíwa	uíwa
rã	rã
rũ	irũ
rẽ	rẽ
sa	sa
sabãu	sabãu
saimbé	saimbé
saimé	saimé
saintisá	saintisá
saintí	saintí
saixú	taixú
saka	saka
sakaitiwa	sakaí
sakakwera	takakwera
sakanga	sakanga
sakanga-itá	sakanga
sakapira	sakapira
sakiwara	sakiwara
saku	saku
sakusawa	sakusawa
sakwena	sakwena
sakwera	sakwera
sakú	rakú
salsa	salsa
salvari	salvari
sampaio	sampaio
samunha	tamunha
sandália	sandália
sangawa	sangawa
sanha	sanha
santa	santa
santasawa	santasawa
santaíma	santá
santu	santu
santu-itá	santu
santá	santá
santí	rantí
sapatú	sapatú
sapekwera	sapekwera
sapiá	tapiá
sapukaya	sapukaya
sapuá	sapuá
sapé	pé
sapú	sapú
saruá	saruá
saruã	saruã
sasisawa	sasisawa
sasiára	sasiára
sasí	sasí
satambika	satambika
satamika	satamika
satá	tatá
saurú	saurú
sawa	sawa
sawa-ima	sawa
sawa-itá	sawa
saíka	taíka
saíwa	saíwa
saĩ	raĩ
se	se
sekuyara	sekuyara
sekuyaramirĩ	sekuyaramirĩ
semana	semana
sembiiwa	tembiiwa
sembika	sembika
senawa	tenawa
sendawa	tendawa
sendira	tendira
sendú	sendú
senundé	tenundé
senúi	senúi
sepiasuíma	sepiasuíma
sepiasú	sepí
sera	sera
sera-rakapira	sera-rakapira
serakwena	serakwena
serana	serana
seraíma	sera
seriyár	xari
será	será
sesangá	resangá
sesawasú	sesá
sesaíma	resaíma
sesewara	sesewara
sesá	sesá
sesá-itá	sesá
sesé	resé
setama	tetama
setaíra	setá
sete	sete
setimã	setimã
setá	setá
seté	teté
sewara	sé
seé	seé
seẽ	seẽ
siiya	siiya
sikantá	sikantá
sikusawa	sikusawa
sikuyara	sikuyara
sikwesawa	sikwesawa
sikwé	rikwé
sikú	tikú
sikú-etá	tikú
sila	sila
simbiwa	timbiwa
simutara	simutara
simão	simão
sinimú	sinimú
sinimũ	sinimũ
sinipuka	rinipuka
siringa	siringa
siringatiwa	siringa
sitá	sitá
siusí	siusí
siusí-etá	siusí
siya	siya
siía	siía
su	se
suai	suaiwara
suainawa	suainawa
suakí	ruakí
suanhana	suanhana
suanhana-etá	suanhana
suanhana-itá	suanhana
suasú	suasú
suasú-itá	suasú
suawasú	suá
suaxara	suaxara
suayana	suayana
suayana-itá	suayana
suikira	suikira
suikiri	suikiri
suindá	suindá
suirũ	ruirũ
suiwara	suiwara
suiwara-itá	suiwara
suixawa	tuixawa
suixawa-itá	tuixawa
suka	uka
sukuriuwasú	sukuriú
sukuriú	sukuriú
sukwera	sukwera
sumika	sumika
sumuara	sumuara
sumura-etá	sumuára
sumuára	sumuára
sumuára-etá	sumuára
supapá	supapá
supiri	supiri
supisawa	supisawa
supisá	supisá
supitá	supitá
supiá	supiá
supiára	supiára
supy	supy
supé	supé
supí	supí
surara	surara
surara-itá	surara
surimã	surimã
suruka	suruka
sururina	sururina
surí	rurí
suwí	tuwí
suá	suá
suáya	suáya
suã	suã
suí	suí
suíwa	uíwa
suú	suú
suú-etá	suú
suú-itá	suú
são	são
sé	sé
síria	síria
ta	ta
taikú	ikú
tainasawa	tainasawa
taité	taité
takakwera	takakwera
takamirika	kamirika
takanhemu	kanhemu
takaú-kaú	kaú
takwá	kwá
tamakwaré	tamakwaré
tamakwarí	tamakwarí
tamanduá	tamanduá
tamaã	maã
tambeú	mbeú
tameẽ	meẽ
tamunhã	munhã
tamura	tamura
tanha	tanha
tanimbuka	tanimbuka
tapayuma	tapayuna
tapayuna	tapayuna
taperiwá	taperiwá
tapiira	tapiira
tapiira-kaawara	tapiira-kaawara
tapinaitika	pinaitika
tapira	tapira
tapixawa	tapixawa
tapurasí	purasí
tapuri	puri
tapurú	tapurú
tapurú-tapurú	tapurú
tapuya	tapuya
tapuya-itá	tapuya
tara-etá	tara
tarakayá	tarakayá
taria-etá	taria
taria-itá	taria
tarubá	tarubá
taseruka	seruka
tasika	sika
tasiwa	tasiwa
tasuú-suú	suú
tasú	sú
tatapunha	tatapunha
tatatinga	tatatinga
tatatingawasú	tatatinga
tatawasú	tatá
tatá	tatá
tatú	tatú
taukanhemu	kanhemu
taukastigari	kastigari
taukwá	kwá
taukwáu	kwáu
taukú	taukú
taumaã	maã
taumbué	mbué
taumeẽ	meẽ
taumunhã	munhã
taumupuka	mupuka
taumuserana	muserana
taunheẽ	nheẽ
taupuderi	puderi
taupuri	puri
taurasú	rasú
tausaã	saã
tausika	sika
tausuú	suú
tausú	sú
tautikú	tikú
tauwatá	watá
tauwiyé	wiyé
tauyatimana	yatimana
tauyeréu	yeréu
tauyuká	yuká
tauyupirú	yupirú
tauyusaã	yusaã
tauyutika	yutika
tauyuíri	yuíri
tawa	tawa
tawarí	tawarí
tawatinga	tawatinga
tawatá	watá
tawiyé	wiyé
tawá	tawá
taxí	taxí
tayapí	yapí
tayasú	tayasú
tayasú-itá	tayasú-itá
tayasú-kaapura	tayasú-kaapura
tayatiri	yatiri
tayenũ	yenũ
tayera	tayera
tayera-itá	tayera
tayuká	yuká
taá	taá
taé	taé
taína	taína
taína-itá	taína
taíra	taíra
taíra-itá	taíra
taú	ú
te	te
teapú	teapú
teité	teité
temiú	temiú
templo	templo
templu	templu
tempo	tempo
tenawa	tenawa
tendawa	tendawa
tendawa-itá	tendawa
tendá	tendá
tenhuntu	tenhuntu
tenhẽ	tenhẽ
tenki	tenki
tenundé	tenundé
tenuné	tenuné
tenupá	tenupá
teresemu	teresemu
tetama	tetama
tetama-etá	tetama
tetamawara-itá	tetamawara
teté	teté
teyú	teyú
teé-teé	teé-teé
teẽ	teẽ
teẽnte	teẽnte
ti	ti
tia	tia
tiapusawa	tiapusawa
tiapuwasú	tiapú
tiapuíma	tiapú
tiapú	tiapú
tiiririrririririririririri	tiiririrririririririririri
tik	tik
tikanga	tikanga
tikã	tikã
timbiú	timbiú
timbú	timbú
timiú	timiú
tinharú	tinharú
tinta	tinta
tipawa	tipawa
tipiaka	tipiaka
tipiima	tipiima
tipitinga	tipitinga
tipití	tipití
tipiáka	tipiáka
tipiáya	tipiáya
tipusimanha	tipusimanha
tipusiwasú	tipusí
tipusí	tipusí
tiputí	tiputí
tipí	tipí
tiramé	tiramé
titúa	pitúa
tiára	tiára
tiãnha	tiãnha
tiãwera	tiãwera
tiĩ	tiĩ
tiũ	tiũ
traka	traka
trigo	trigo
trumbeta	trumbeta
truvão	truvão
tu	taá
tuixawa	tuixawa
tuixawa-etá	tuixawa
tuixawa-itá	tuixawa
tukandira	tukandira
tukano	tukano
tukano-itá	tukano
tukumã	tukumã
tukumã-iwa	tukumã-iwa
tukunaré	tukunaré
tukura	tukura
tukura-itá	tukura
tumasawa	tumasawa
tumbira	tumbira
tumira	tumira
tumé	tumé
tupana	tupana
tupana-itá	tupana
tupasama	tupasama
tupasamawasú	tupasama
tupauku	tupauku
tupayú	tupayú
tupá	tupá
tupã	tupã
tupé	tupé
tupí	tupí
turina	turina
turususá	turususá
turusú	turusú
turí	turí
tutira	tutira
tuwí	tuwí
tuxawa	tuxawa
tuyu	tuyu
tuyu-itá	tuyu
tuyuka	tuyuka
tuyupara	tuyupara
tuyué	tuyué
tuyué-itá	tuyué
tuáya	tuáya
tuí	tuí
tuú	tuú
txáu	txáu
tái	tái
té	té
tía	tía
tĩ	tĩ
tĩ-ima	tĩ
tẽ	tẽ
u	u
uabensuári	abensuári
uakonteseri	akonteseri
uanskẽ	uanskẽ
uari	ari
ubá	ubá
uganani	ganani
uganyari	ganyari
ugustari	gustari
uikupukú	ikupukú
uikú	ikú
uimú	inú
uinú	inú
uistudari	istudari
uií	uií
uk	uka
uka	uka
uka-itá	uka
ukaamunusawa	kaamunú
ukaamunú	kaamunú
ukamirika	kamirika
ukamundú	kamundú
ukanhemu	kanhemu
ukanhemutiwa	kanhemu
ukapiri	kapiri
ukara	ukara
ukarãi	karãi
ukarãi-karãi	karãi
ukarú	karú
ukataka	kataka
ukayarí	ukayarí
ukaíma	kaíma
ukaíma-itá	ukaíma
ukaú	kaú
ukaúkaú	kaú
ukena	ukena
ukikiri	kiri
ukiri	kiri
ukirirí	kirirí
ukitika	kitika
ukukí	ukukí
ukukúi	kukúi
ukuntari	kuntari
ukupiri	kupiri
ukwawa	kwawa
ukwawasawa	kwawa
ukwá	kwá
ukwáu	kwáu
ukái	kái
umaité	maité
umamana	mamana
umanduári	manduári
umanhana	manhana
umanú	manú
umanũ	manũ
umaramunha	maramunha
umaramunhã	maramunhã
umarí	umarí
umayana	mayana
umaã	maã
umaú	maú
umaẽ	maẽ
umbaka	mbaka
umbawa	mbawa
umbaá	umbaá
umbaú	mbaú
umbeú	mbeú
umbuesara-itá	umbuesara
umburi	mburi
umbué	mbué
umbá	mbá
umembirari	membirari
umenari	menari
umendari	mendari
umeẽ	meẽ
umixiri	mixiri
umpena	mpena
umpinima	mpinima
umpuka	mpuka
umpuruã	mpuruã
umpusanga	mpusanga
umpú	mpú
umuakanhemu	muakanhemu
umuapatuka	muapatuka
umuapú	muapú
umuatiri	muatiri
umuatuka	muatuka
umuaíwa	muaíwa
umuisika	muisika
umukameẽ	mukameẽ
umukanhemu	mukanhemu
umukataka	mukataka
umukaturu	mukaturu
umukaú	mukaú
umukaẽ	mukaẽ
umukirá	mukirá
umukuna	mukuna
umukururi	mukuruí
umukwatiári	mukwatiári
umukwekatú	mukwekatú
umumbeú	mumbeú
umumuri	mumuri
umumurutinga	mumurutinga
umunani	munani
umundeka	mundeka
umundisá	mundí
umundutiwa	mundú
umundá	mundá
umundéu	mundéu
umundí	mundí
umundú	mundú
umungiri	mungiri
umungitá	mungitá
umunhã	munhã
umunuka	munuka
umunéu	munéu
umunú	munú
umupena	mupena
umupinima	mupinima
umupiranga	mupiranga
umupuka	mupuka
umupusanú	mupusanú
umurari	murari
umuruayana	muruayana
umururí	mururí
umurí	murí
umusaka	musaka
umusakú	musakú
umusangawa	musangawa
umusantá	musantá
umusaruã	musaruã
umusarái	musarái
umusarú	musarú
umusasaka	musaka
umusasawa	musasawa
umusasiara	musasiara
umusema	musema
umusemu	musemu
umusera	musera
umuseẽ	museẽ
umusurí	musurí
umusãi	musãi
umutawá	mutawá
umuteresemu	muteresemu
umutikanga	mutikanga
umutinga	mutinga
umutiní	mutiní
umutipí	mutipí
umuturí	muturí
umutĩ	mutĩ
umuwapika	muwapika
umuwari	muwari
umuwéu	muwéu
umuyari	muyari
umuyasuka	muyasuka
umuyatiká	muyatiká
umuyatikú	muyatikú
umuyenú	muyenú
umuyeréu	muyeréu
umuyesiári	muyesiári
umuyumunhã	muyumunhã
umuyutikú	muyutikú
umuĩ	muĩ
umú	mutiapú
umũ	meẽ
unaseri	naseri
uneẽ	nheẽ
unharú	nharú
unheengari	nheengari
unheẽ	nheẽ
unupá	nupá
upagari	pagari
upaka	paka
upanhẽ	upanhẽ
uparawaka	parawaka
upawa	pawa
upawé	upawé
upaĩ	upaĩ
upena	pena
upena-upena	pena
upeteka	peteka
upetepeteka	peteka
upewara-itá	upewara
upeyú	peyú
upiama	piama
upiamu	piamu
upiiri	piiri
upikũi	pikũi
upinaitika	pinaitika
upinaitikatiwa	pinaitika
upinú	pinú
upinú-pinú	pinú
upirari	pirari
upiripana	piripana
upirú	pirú
upisika	pisika
upitasuka	pitasuka
upitera	pitera
upitima	pitima
upituú	pituú
upitá	pitá
upií	pií
upuderi	puderi
upuitá	puitá
upuka	puka
upukasawa	puká
upukwari	pukwari
upuká	puká
upumbika	pumbika
upunhẽ	punhẽ
upunhẽ-punhẽ	punhẽ
upupeka	pupeka
upupuri	pupuri
upurakari	purakari
upurakí	purakí
upurandú	purandú
upuranú	puranú
upurará	purará
upurasí	purasí
upuri	puri
upurukari	purakari
upurumaú	purumaú
upurundú	purandú
upurungitatiwa	purungitá
upurungitá	purungitá
upururuka	pururuka
upurusuú	purusuú
upuruyuká	puruyuká
upurú	purú
upusanú	pusanú
upusú	pusú
uputari	putari
uputarisá	putari
upuãma	puãma
upuãmu	puãmu
upuíri	puíri
upá	pá
upáu	páu
upé	upé
ura	ura
urarí	urarí
urasú	rasú
uri	yuri
urikuté	rikuté
urikú	rikú
urirí	rirí
urubú	urubú
urukú	urukú
urupema	urupema
ururi	ruri
urusakanga	urusakanga
urusakã	urusakã
urusika	rusika
uruyari	ruyari
usaisú	saisú
usaka	saka
usanhana	sanhana
usapí	sapí
usara	usara
usara-itá	usara
usarú	sarú
usasawa	sasawa
usasema	sasema
usasemu	sasemu
usasá	sasá
usasáu	sasáu
usaã	saã
usema	sema
usemu	semu
usendú	sendú
usení	rendí
usenú	senú
usenúi	senúi
usepimeẽ	sepimeẽ
useruka	seruka
usika	sika
usikari	sikari
usikiesá	sikié
usikindawa	sikindawa
usikié	sikié
usikí	sikí
usinhĩ	sinhĩ
usinipuka	sinipuka
usiririka	siririka
usirirí	sirirí
usuantí	suantí
usuapeteka	suapeteka
usuaxara	suaxara
usupiri	supiri
usuruka	suruka
usutiwa	sú
usuú	suú
usãi	sãi
usí	sika
usú	sú
utiari	tiari
utikanga	tikanga
utikã	tikã
utiní	tiní
utirika	tirika
utuká	tuká
utuká-tuká	tuká
utumuna	tumuna
uvenderi	venderi
uwapika	wapika
uwari	wari
uwasema	wasema
uwasemu	wasemu
uwatari	watari
uwatá	watá
uweena	weena
uwerá-werá	werá
uwewé	wewé
uwiké	wiké
uwitá	witá
uwiyé	wiyé
uxari	xari
uxipiá	xipiá
uxirika	xirika
uyakawa	yakawa
uyakáu	yakáu
uyana	yana
uyanasá	yana
uyapisaka	yapisaka
uyapixawa	yapixawa
uyapukúi	yapukúi
uyapumi	yapumi
uyapí	yapí
uyari	yari
uyaruka	yaruka
uyasaisú	saisú
uyasuka	yasuka
uyasá	yasá
uyasí	yasí
uyatikutikú	yatikú
uyatikú	yatikú
uyatimana	yatimana
uyatití	yatití
uyawika	yawika
uyawiyawika	yawika
uyawá	yawá
uyawáu	yawáu
uyawí	yawí
uyaxiú	yaxiú
uyenú	yenú
uyenũ	yenũ
uyeréu	yeréu
uyiima	uyí
uyuakí	yuakí
uyuarú	yuarú
uyuka	yuka
uyukatiwa	yuká
uyukiriari	yukiriari
uyukitika	yukitika
uyukwakú	yukwakú
uyukwawa	yukwawa
uyukwá	yukwá
uyukwáu	yukwáu
uyuká	yuká
uyumana	yumana
uyumasí	yumasí
uyumaã	yumaã
uyumendari	yumendari
uyumeẽ	yumeẽ
uyumimi	yumimi
uyumimisawa	yumimi
uyumuapiri	muapiri
uyumuatiri	yumuatiri
uyumuaíwa	muaíwa
uyumukaturu	yumukaturu
uyumukuruí	yumukuruí
uyumunani	munani
uyumunhã	munhã
uyumupinima	mupinima
uyumupiranga	yumupiranga
uyumusangawa	musangawa
uyumusarái	musarái
uyumuseẽ	yumuseẽ
uyumutari	yumutari
uyumutawarí	mutawarí
uyumutiĩ	mutiĩ
uyumutĩ	yumutĩ
uyumuwarixí	yumuwarixí
uyumuyuka	muyuka
uyumú	yumú
uyupi	yupúi
uyupipika	yupipika
uyupiri	yupiri
uyupiruka	yupiruka
uyupirú	yupirú
uyupisirú	yupisirú
uyupuruka	puruka
uyupurungitá	purungitá
uyupusí	yupusí
uyuputari	putari
uyupúi	yupúi
uyurawa	yurawa
uyururé	yururé
uyururéu	yururéu
uyuruári	yuruári
uyurá	yurá
uyuráu	yuráu
uyusaã	yusaã
uyusikindawa	yusikindawa
uyusikié	yusikié
uyusikí	uyusikí
uyusuantí	suantí
uyusuaxara	yusuaxara
uyusupari	yusupari
uyusuú	suú
uyusãi	yusãi
uyutika	yutika
uyutuká	yutuká
uyuuka	yuuka
uyuyapí	yapí
uyuyari	yuyari
uyuyasuka	yasuka
uyuyasú	yasuí
uyuyuantí	yuyuantí
uyuyuká	yuká
uyuyumimi	yumimi
uyuyupika	yuyupika
uyuyutima	yuyutima
uyuíri	yuíri
uí	uí
uíwa	uíwa
uú	ú
vida	vida
viola	viola
virgem	virgem
vizinho	vizinho
viáji	viáji
vutari	putari
waimĩ	waimĩ
waimĩ-etá	waimĩ
waimĩ-itá	waimĩ
wainambí	wainambí
wakará	wakará
wakará-itá	wakará
wakarí	wakarí
wakurawá	wakurawá
wakutiwa	wakú
wana	wana
wanana	wanana
wanana-etá	wanana
wanana-itá	wanana
wapika	wapika
wapikawa	wapikawa
wapiká	wapiká
wara	wara
warakú	warakú
warama	warama
waraná	waraná
warasí	warasí
warasú	rasú
waraya	waraya
wari	wari
waria	wariwa
warirí	warirí
wariwa	wariwa
warixí	warixí
waruá	waruá
wará	wará
wasaí	wasaí
wasaí-maniiwa	wasaí-maniiwa
wasemu	wasemu
wasú	wasú
waturá	waturá
watá	watá
wauí	wauí
wawirú	wawirú
wayoro	wayoro
waá	waá
waá-itá	waá
wera	wera
werekena	werekena
werekena-itá	werekena
werá	werá
wetepe	wetepe
wira	wira
wira-itá	wira
wirandé	wirandé
wirané	wirané
wirapara	wirapara
wirarupí	wirarupí
wirarí-iwa	wirarí-iwa
wirawasumirĩ-etá	wirawasú
wirawasú	wirawasú
wirá	wirá
wirá-itá	wirá
wirá-mirĩ	wirá-mirĩ
wirá-mirĩ-itá	wirá-mirĩ
wirá-payé	wirá-payé
wiwa-itá	wiwa
wái	wái
wã	wã
wé	wé
xaari	ari
xaikú	ikú
xainú	inú
xakaamunú	kaamunú
xakapiri	kapiri
xake	xake
xakiri	kiri
xakitika	kitika
xakwá	kwá
xakwáu	kwáu
xamaité	maité
xamanéu	munéu
xamanú	manú
xamapú	mapú
xamaã	maã
xamaú	maú
xamaẽ	maẽ
xambaú	mbaú
xambué	mbué
xamemúi	memúi
xamenari	menari
xameẽ	meẽ
xamixiri	mixiri
xamuapara	muapara
xamuarpakwári	mupukwari
xamueté	mueté
xamukanhemu	mukanhemu
xamukatirũ	mukaturú
xamukaturu	mukaturu
xamukaẽ	mukaẽ
xamukuna	mukuna
xamukurusá	mukurusá
xamukwara	mukwara
xamumarandúa	mumarandúa
xamumbawa	mumbawa
xamumbá	mumbá
xamumuri	mumuri
xamundú	mundú
xamunhã	munhã
xamunuka	munuka
xamunéu	munéu
xamunú	munú
xamupeteka	mupeteka
xamupiririka	mupiririka
xamupixuna	mupixuna
xamupupuri	mupupuri
xamupuãmu	mupuãmu
xamusaka	musaka
xamutatatinga	mutatatinga
xamutikanga	mutikanga
xamutuyuka	mutuyuka
xamuxirika	muxirika
xamuyasuka	muyasuka
xamuyuruyari	muyuruyari
xamué	mué
xamuí	muí
xamuĩ	muĩ
xanatá	watá
xanheengari	nheengari
xanheẽ	nheẽ
xapagari	pagari
xapanema	panema
xapetika	peteka
xapewa	xapewa
xapiiri	piiri
xapirakera	pirakera
xapiripana	piripana
xapirú	pirú
xapisika	pisika
xapitera	pitera
xapitimú	pitimú
xapituú	pituú
xapitá	pitá
xapukwari	pukwari
xapuká	puká
xapumana	pumana
xapumbika	pumbika
xapurakari	purakari
xapurakí	purakí
xapuriaisúa	puriasúa
xapurungitá	purungitá
xapuruyuká	puruyuká
xapusanú	pusanú
xaputari	putari
xapuú	puú
xarasú	rasú
xari	xari
xarikusawa	rikú
xarikú	rikú
xarirí	rirí
xaruri	ruri
xaruyari	ruyari
xasaisú	saisú
xasapí	sapí
xasarũ	sarũ
xasasemu	sasemu
xaseaú	senú
xasendú	sendú
xasenú	senú
xasenũi	senũi
xaseruka	seruka
xasika	sika
xasikari	sikari
xasikiná	sikiná
xasikié	sikié
xasuantí	suantí
xasupiri	supiri
xasusuka	susuka
xasú	sú
xatumunheẽ	tumunheẽ
xawasema	wasema
xawasemu	wasemu
xawatá	watá
xawiké	wiké
xawitá	witá
xaxari	xari
xaxipiaki	xipiaki
xaxipiá	xipiá
xayakapí	yakapika
xayakáu	yakáu
xayapukúi	yapukúi
xayapí	yapí
xayari	yari
xayasuka	yasuka
xayuká	yuká
xayumbué	yumbué
xayumukirimáu	mukirimáu
xayumumeú	mumeú
xayumumunéu	muamunéu
xayumusakú	musakú
xayumusarái	yumusarái
xayumutari	yumutari
xayumutima	yutima
xayumutimú	mutimú
xayumué	yumué
xayupeé	yupeé
xayupika	yupika
xayupiri	yupiri
xayupukwáu	yupukwáu
xayuri	yuri
xayururéu	yururéu
xayuruyari	ruyari
xayusé	yusé
xayusí	yusí
xayutima	yutima
xayuuka	yuuka
xayuyuká	yuká
xayuíri	yuíri
xaú	ú
xe	xe
xenheẽ	nheẽ
xeruái	suái
xi	simirikú
xibuí	xibuí
xibé	xibé
ximiarirú-itá	timiarirú
ximirikú	simirikú
ximirikú-ima	ximirikú
ximiára	simiára
ximiú	timiú
xinga	xinga
xipiaka	xipiaka
xipinú	tipinú
xiririwasú	xirirí
xirixirĩ	xirĩ
xirura	xirura
xirura-itá	xirura
xirĩ	xirĩ
xirĩwasú	xirĩ
xií	xií
xukúi	xukúi
xupé	xupé
yaikú	ikú
yaitiwa	yaitiwa
yakanhemu	kanhemu
yakaré	yakaré
yakasari	kasari
yakayaká	yakayaká
yakima	yakima
yakira	yakira
yakirari	kirari
yakiri	kiri
yakumaíwa	yakumaíwa
yakumã	yakumã
yakundá	yakundá
yakunheseri	kunheseri
yakuntari	kuntari
yakurutú	yakurutú
yakwawa	kwawa
yakwaíma	yakwaíma
yakwá	kwá
yakwáu	yakwáu
yakáu	yakáu
yalegrari	legrari
yamanduarisawa	manduári
yamanduári	manduári
yamanú	manú
yamaã	maã
yamaú	maú
yamaẽ	maẽ
yambaú	mbaú
yambeú	mbeú
yamburi	mburi
yambué	mbué
yamemúi	memúi
yameẽ	meẽ
yamixiri	mixiri
yampinima	mpinima
yamukameẽ	mukameẽ
yamukwekatú	mukwekatú
yamundá	mundá
yamunhã	munhã
yamunuka	munuka
yamunusuka	munusuka
yamuruayana	muruayana
yamusaka	musaka
yamusení	musení
yamusurí	musurí
yamuyapumi	muyapumi
yandara	yandara
yandirawa	yandirawa
yandé	yandé
yanheẽ	nheẽ
yanomami	yanomami
yanupá	nupá
yané	yané
yanéu	yanéu
yaparawaka	parawaka
yapinaitika	pinaitika
yapirari	pirari
yapiripana	piripana
yapisika	pisika
yapitera	pitera
yapituú	pituú
yapixama	pixama
yapuderi	puderi
yapumó	yapumi
yapuna	yapuna
yapurakari	purakari
yapurakí	purakí
yapurandú	purandú
yapurasái	purasái
yapurasí	purasí
yapurungitá	purungitá
yaputari	putari
yaputí	yaputí
yapuú	puú
yara	yara
yara-itá	yara
yarasú	rasú
yarikuté	rikuté
yarikú	rikú
yaruri	ruri
yasaisú	saisú
yasapí	sapí
yasarú	sarú
yasasá	sasá
yasaã	saã
yasemu	semu
yasendí	rendí
yasendú	sendú
yaseruka	seruka
yasetuna	setuna
yasika	sika
yasikari	sikari
yasikié	sikié
yasikí	sikí
yasimirĩ-itá	yasí
yasitara	yasitara
yasitatawasú	yasitatawasú
yasitatá	yasitatá
yasitatá-etá	yasitatá
yasukawa	yasukawa
yasupiri	supiri
yasusuka	suka
yasí	yasí
yasú	sú
yatiri	yatiri
yautí	yautí
yawaité	yawaité
yawara	yawara
yawaratewasú-itá	yawaraté
yawaraté	yawaraté
yawareté	yawareté
yawareté-itá	yawareté
yawasema	wasema
yawasemu	wasemu
yawawira	yawawira
yawewara	yawé
yawewira	yawewira
yawiyé	wiyé
yawé	yawé
yawé-yawé	yawé
yaxari	xari
yaxipiaka	xipiaka
yaxipiá	xipiá
yaxiú	yaxiú
yayapí	yapí
yayari	yari
yayasuka	yasuka
yayuká	yuká
yayumana	yumana
yayumbué	mbué
yayumuatiri	muatiri
yayumusarái	yumusarái
yayumú	yumú
yayupika	yupika
yayupiri	yupiri
yayupirú	yupirú
yayupukwá	yupukwá
yayuri	yuri
yayurá	yurá
yayusaã	yusaã
yayutima	yutima
yayuuka	yuuka
yayuxari	yuxari
yayuyuká	yuká
yayuíri	yuíri
yaú	ú
yemuí	muí
yeperesé	yeperesé
yepewasú	yepewasú
yepeá	yepeá
yepé	yepé
yepé-yepé	yepé-yepé
yiãma	yiãma
yoáun	yoáun
yuka	yuka
yukasara	yukasara
yukasawa	yukasawa
yukindawa	kindawa
yukira	yukira
yukisé	yukisé
yuká	yuká
yumasí	yumasí
yumimisawa	yumimisawa
yumirú	yumirú
yumuasí	yumasí
yumuatiri	muatiri
yumumeú	mumeú
yumunhã	munhã
yumuseruka	museruka
yumuí	muí
yuntu	yuntu
yupawa	pawa
yupikasawa	yupikasawa
yupiruka	piruka
yupirungawa	yupirungawa
yupirungá	yupirungá
yupukwáu	yupukwáu
yurará	yurará
yuri	yuri
yurupariwasú	yuruparí
yuruparí	yuruparí
yurutawí	yurutawí
yurá	yurá
yurú	yurú
yusalvari	salvari
yusana	yusana
yusikí	yusikí
yutikasawa	yutikasawa
yutima	yutima
yuwá	yuwá
yuão	yuão
yuí	yuí
yuí-itá	yuí
yuíri	yuíri
yuú	yuú
yá	yá
yú	yú
ã	ã
é	é
í	í
ó	ó
